Wavelength_nm,n_o,n_e,birefringence_delta_n
400,1.69,1.565,0.125
500,1.68,1.55,0.1299999999999999
583,1.67,1.552,0.11799999999999988
600,1.67,1.545,0.125
700,1.665,1.54,0.125
800,1.655,1.535,0.1200000000000001
900,1.65,1.53,0.11999999999999988
1000,1.645,1.525,0.1200000000000001
