# Pump_power_mW,Coincidence_Hz,Coincidence_error_Hz,Fit_Hz,Residuals_Hz
5.000000000000000000e+01,5.000000000000000278e-02,2.000000000000000042e-02,5.040004798544353570e-02,-4.000479854435329274e-04
1.000000000000000000e+02,2.200000000000000011e-01,2.999999999999999889e-02,2.130561436843053380e-01,6.943856315694663106e-03
1.500000000000000000e+02,4.799999999999999822e-01,4.000000000000000083e-02,4.841496365157416659e-01,-4.149636515741683684e-03
2.000000000000000000e+02,8.499999999999999778e-01,5.000000000000000278e-02,8.636805264797525750e-01,-1.368052647975259717e-02
3.000000000000000000e+02,1.949999999999999956e+00,8.000000000000000167e-02,1.948054497805497887e+00,1.945502194502068960e-03
4.000000000000000000e+02,3.479999999999999982e+00,1.199999999999999956e-01,3.466178057661541523e+00,1.382194233845845943e-02
5.000000000000000000e+02,5.419999999999999929e+00,1.499999999999999944e-01,5.418051206047883817e+00,1.948793952116112393e-03
